county,office,district,party,candidate,votes
Beaver,Attorney General,,Libertarian,W. Andrew McCullough,107
Beaver,Attorney General,,Democratic,Jon Harper,308
Beaver,Attorney General,,Republican,Sean Reyes,1948
Beaver,Attorney General,,Independent American,Michael Isbell,66
Beaver,State Auditor,,Independent American,Jared Green,122
Beaver,State Auditor,,Republican,John Dougall,1833
Beaver,State Auditor,,Democratic,Mike Mitchell,421
Beaver,Governor,,Libertarian,Brian Kamerath,63
Beaver,Governor,,,Write-In,8
Beaver,Governor,,Republican,Gary Herbert,2033
Beaver,Governor,,Independent American,Dell Schanze,46
Beaver,Governor,,Democratic,Mike Weinholtz,324
Beaver,President,,Independent,Rocky Giordani,6
Beaver,President,,Democratic,Hillary Clinton,46
Beaver,President,,,Rocky De La Fuente,0
Beaver,President,,Workers World,Monica Moorehead,1
Beaver,President,,Socialist Workers,Alyson Kennedy,1
Beaver,President,,Constitution,Darrell Castle,12
Beaver,President,,Independent,Evan McMullin,323
Beaver,President,,Green,Jill Stein,10
Beaver,President,,,Write-In,14
Beaver,President,,Libertarian,Gary Johnson,36
Beaver,President,,Republican,Donald Trump,1838
Beaver,President,,Democratic,Hillary Clinton,218
Beaver,State House,68,Republican,Merrill Nelson,241
Beaver,State House,68,Constitution,Kirk Pearson,30
Beaver,State House,68,Democratic,Cindee Beard,144
Beaver,State House,73,Republican,Mike Noel,1521
Beaver,State House,73,Democratic,Ty Markham,488
Beaver,State Senate,24,Republican,Ralph Okerlund,106
Beaver,State Treasurer,,Republican,David Damschen,1739
Beaver,State Treasurer,,Democratic,Neil Hansen,468
Beaver,State Treasurer,,Constitution,Richard Proctor,159
Beaver,U.S. House,2,Republican,Chris Stewart,2020
Beaver,U.S. House,2,Constitution,Paul McCollaum,112
Beaver,U.S. House,2,Democratic,Charlene Albarran,320
Beaver,U.S. Senate,,Independent,Bill Barron,26
Beaver,U.S. Senate,,Independent American,Stoney Fonua,46
Beaver,U.S. Senate,,Democratic,Misty Snow,295
Beaver,U.S. Senate,,Republican,Mike Lee,2075
Box Elder,Attorney General,,Democratic,Jon Harper,2337
Box Elder,Attorney General,,Libertarian,W. Andrew McCullough,1223
Box Elder,Attorney General,,Republican,Sean Reyes,15146
Box Elder,Attorney General,,Independent American,Michael Isbell,619
Box Elder,Governor,,Libertarian,Brian Kamerath,635
Box Elder,Governor,,,Write-In,39
Box Elder,Governor,,Republican,Gary Herbert,16084
Box Elder,Governor,,Independent American,Dell Schanze,357
Box Elder,Governor,,Democratic,Mike Weinholtz,2454
Box Elder,President,,Independent,Rocky Giordani,61
Box Elder,President,,Democratic,Hillary Clinton,2282
Box Elder,President,,Workers World,Monica Moorehead,9
Box Elder,President,,Socialist Workers,Alyson Kennedy,4
Box Elder,President,,Constitution,Darrell Castle,210
Box Elder,President,,,Rocky De La Fuente,15
Box Elder,President,,Independent,Evan McMullin,4257
Box Elder,President,,Green,Jill Stein,76
Box Elder,President,,,Write-In,143
Box Elder,President,,Republican,Donald Trump,12230
Box Elder,President,,Libertarian,Gary Johnson,591
Box Elder,State Auditor,,Republican,John Dougall,14532
Box Elder,State Auditor,,Democratic,Mike Mitchell,3099
Box Elder,State Auditor,,Independent American,Jared Green,1375
Box Elder,State House,1,Republican,Scott Sandall,10372
Box Elder,State House,1,Constitution,Sherry Phipps,3295
Box Elder,State House,29,Democratic,Angela Urrea,1082
Box Elder,State House,29,Republican,Lee Perry,4363
Box Elder,State Treasurer,,Republican,David Damschen,13639
Box Elder,State Treasurer,,Democratic,Neil Hansen,3646
Box Elder,State Treasurer,,Constitution,Richard Proctor,1698
Box Elder,U.S. House,1,Unaffiliated,Chadwick Fairbanks,422
Box Elder,U.S. House,1,Republican,Rob Bishop,15300
Box Elder,U.S. House,1,Democratic,Peter Clemens,2914
Box Elder,U.S. House,1,Libertarian,Craig Bowden,971
Box Elder,U.S. Senate,,Independent,Bill Barron,466
Box Elder,U.S. Senate,,Independent American,Stoney Fonua,460
Box Elder,U.S. Senate,,Republican,Mike Lee,16240
Box Elder,U.S. Senate,,Democratic,Misty Snow,2328
Cache,Attorney General,,Libertarian,W. Andrew McCullough,3071
Cache,Attorney General,,Democratic,Jon Harper,7765
Cache,Attorney General,,Republican,Sean Reyes,32605
Cache,Attorney General,,Independent American,Michael Isbell,1346
Cache,Governor,,Democratic,Mike Weinholtz,9260
Cache,Governor,,,Write-In,137
Cache,Governor,,Republican,Gary Herbert,34888
Cache,Governor,,Independent American,Dell Schanze,712
Cache,Governor,,Libertarian,Brian Kamerath,1626
Cache,Governor,,Independent,L.S. Brown,7
Cache,President,,Independent,Rocky Giordani,67
Cache,President,,,Rocky De La Fuente,32
Cache,President,,Workers World,Monica Moorehead,11
Cache,President,,Socialist Workers,Alyson Kennedy,11
Cache,President,,Independent,Mike Smith,8
Cache,President,,Constitution,Darrell Castle,678
Cache,President,,Independent,Evan McMullin,14433
Cache,President,,Green,Jill Stein,349
Cache,President,,Independent,Laurence Kotlikoff,1
Cache,President,,,Write-In,619
Cache,President,,Independent,Tony Valdivia,1
Cache,President,,Republican,Donald Trump,21165
Cache,President,,Libertarian,Gary Johnson,1754
Cache,President,,Democratic,Hillary Clinton,9023
Cache,State Auditor,,Democratic,Mike Mitchell,9471
Cache,State Auditor,,Republican,John Dougall,30507
Cache,State Auditor,,Independent American,Jared Green,2806
Cache,State House,1,Republican,Scott Sandall,679
Cache,State House,1,Constitution,Sherry Phipps,111
Cache,State House,3,Republican,Val Potter,4855
Cache,State House,4,Republican,Edward Redd,9440
Cache,State House,5,Democratic,David Clark,3059
Cache,State House,5,Republican,R Curt Webb,12522
Cache,State Senate,25,Republican,Lyle Hillyard,29070
Cache,State Treasurer,,Republican,David Damschen,28894
Cache,State Treasurer,,Democratic,Neil Hansen,9676
Cache,State Treasurer,,Constitution,Richard Proctor,3577
Cache,U.S. House,1,Unaffiliated,Chadwick Fairbanks,9646
Cache,U.S. House,1,Libertarian,Craig Bowden,2995
Cache,U.S. House,1,Democratic,Peter Clemens,1790
Cache,U.S. House,1,Republican,Rob Bishop,31977
Cache,U.S. Senate,,Independent,Bill Barron,1018
Cache,U.S. Senate,,Independent American,Stoney Fonua,1025
Cache,U.S. Senate,,Republican,Mike Lee,35393
Cache,U.S. Senate,,Democratic,Misty Snow,8782
Carbon,Attorney General,,Independent,Michael Isbell,316
Carbon,Attorney General,,Libertarian,W. Andrew McCullough,625
Carbon,Attorney General,,Democratic,Jon Harper,1673
Carbon,Attorney General,,Republican,Sean Reyes,5103
Carbon,Governor,,,Write-In,8
Carbon,Governor,,Republican,Gary Herbert,5574
Carbon,Governor,,Independent,Dell Schanze,142
Carbon,Governor,,Libertarian,Brian Kamerath,180
Carbon,Governor,,Democratic,Mike Weinholtz,2034
Carbon,President,,Independent,Rocky Giordani,46
Carbon,President,,Republican,Donald Trump,5275
Carbon,President,,,Rocky De La Fuente,7
Carbon,President,,Workers World,Monica Moorehead,5
Carbon,President,,Socialist Workers,Alyson Kennedy,8
Carbon,President,,Constitution,Darrell Castle,47
Carbon,President,,Independent,Evan McMullin,615
Carbon,President,,Green,Jill Stein,41
Carbon,President,,,Write-In,47
Carbon,President,,Libertarian,Gary Johnson,191
Carbon,President,,Democratic,Hillary Clinton,1717
Carbon,State Auditor,,Democratic,Mike Mitchell,2539
Carbon,State Auditor,,Independent,Jared Green,555
Carbon,State Auditor,,Republican,John Dougall,4581
Carbon,State House,69,Republican,Christine Watkins,3275
Carbon,State House,69,Democratic,Brad King,4664
Carbon,State Senate,27,Republican,David Hinkins,5711
Carbon,State Senate,27,Democratic,Heidi Redd,2130
Carbon,State Treasurer,,Republican,David Damschen,4425
Carbon,State Treasurer,,Democratic,Neil Hansen,2647
Carbon,State Treasurer,,Constitution,Richard Proctor,530
Carbon,U.S. House,3,Republican,Jason Chaffetz,5352
Carbon,U.S. House,3,Democratic,Stephen Tryon,2456
Carbon,U.S. Senate,,Independent,Bill Barron,136
Carbon,U.S. Senate,,Independent American,Stoney Fonua,210
Carbon,U.S. Senate,,Republican,Mike Lee,5606
Carbon,U.S. Senate,,Democratic,Misty Snow,1882
Daggett,Attorney General,,Independent,Michael Isbell,23
Daggett,Attorney General,,Libertarian,W. Andrew McCullough,36
Daggett,Attorney General,,Democratic,Jon Harper,91
Daggett,Attorney General,,Republican,Sean Reyes,296
Daggett,Governor,,Democratic,Mike Weinholtz,104
Daggett,Governor,,,Write-In,0
Daggett,Governor,,Republican,Gary Herbert,351
Daggett,Governor,,Independent,Dell Schanze,5
Daggett,Governor,,Libertarian,Brian Kamerath,12
Daggett,President,,Independent,Rocky Giordani,1
Daggett,President,,Republican,Donald Trump,410
Daggett,President,,,Rocky De La Fuente,0
Daggett,President,,Workers World,Monica Moorehead,0
Daggett,President,,Socialist Workers,Alyson Kennedy,0
Daggett,President,,Constitution,Darrell Castle,6
Daggett,President,,Independent,Evan McMullin,56
Daggett,President,,Green,Jill Stein,0
Daggett,President,,,Write-In,6
Daggett,President,,Libertarian,Gary Johnson,27
Daggett,President,,Democratic,Hillary Clinton,106
Daggett,State Auditor,,Democratic,Mike Mitchell,122
Daggett,State Auditor,,Independent,Jared Green,41
Daggett,State Auditor,,Republican,John Dougall,272
Daggett,State House,53,Democratic,Logan Wilde,337
Daggett,State House,53,Republican,Cole Capener,109
Daggett,State Treasurer,,Republican,David Damschen,265
Daggett,State Treasurer,,Democratic,Neil Hansen,117
Daggett,State Treasurer,,Constitution,Richard Proctor,47
Daggett,U.S. House,1,Democratic,Peter Clemens,95
Daggett,U.S. House,1,Unaffiliated,Chadwick Fairbanks,8
Daggett,U.S. House,1,Republican,Rob Bishop,310
Daggett,U.S. House,1,Libertarian,Craig Bowden,42
Daggett,U.S. Senate,,Independent,Bill Barron,14
Daggett,U.S. Senate,,Independent American,Stoney Fonua,12
Daggett,U.S. Senate,,Republican,Mike Lee,340
Daggett,U.S. Senate,,Democratic,Misty Snow,95
Davis,Attorney General,,Republican,Sean Reyes,97832
Davis,Attorney General,,Independent American,Michael Isbell,4126
Davis,Attorney General,,Libertarian,W. Andrew McCullough,8274
Davis,Attorney General,,Democratic,Harper,25785
Davis,Governor,,Independent,Dell Schanze,1946
Davis,Governor,,,L.S. Brown,15
Davis,Governor,,Republican,Herbert,101102
Davis,Governor,,,Write-In,311
Davis,Governor,,Democratic,Mike Weinholtz,30720
Davis,Governor,,Libertarian,Brian Kamerath,4498
Davis,President,,Republican,Donald Trump,62217
Davis,President,,Independent,Evan McMullin,39046
Davis,President,,,Fuente,81
Davis,President,,,Marshall Schoenke,0
Davis,President,,Socialist Workers,Alyson Kennedy,46
Davis,President,,,Sheila Samm Tittle,0
Davis,President,,Libertarian,Gary Johnson,5390
Davis,President,,,Tony Valdivia,0
Davis,President,,,Burton,0
Davis,President,,Workers World,Monica Moorehead,217
Davis,President,,Constitution,Darrell Castle,883
Davis,President,,,Stephen Park,241
Davis,President,,,Buchnan,0
Davis,President,,,Hoefling,284
Davis,President,,,Dustin Baird,5
Davis,President,,,Janet Reid,0
Davis,President,,Democratic,Hillary Clinton,28776
Davis,President,,,Mike Smith,8
Davis,President,,,Write-In,1869
Davis,President,,,Andrew Basiago,0
Davis,President,,,Emidio Soltyisk,0
Davis,President,,Independent,Giordani,349
Davis,President,,Green,Jill Stein,864
Davis,President,,,Laurence Kotlikoff,1
Davis,President,,,Fox,0
Davis,President,,,Limbaugh,0
Davis,State Auditor,,Independent,Green,8722
Davis,State Auditor,,Republican,Dougall,92568
Davis,State Auditor,,Democratic,Mike Mitchell,32541
Davis,State House,11,Democratic,Amy Morgan,1065
Davis,State House,11,Republican,Kelly Miles,2895
Davis,State House,12,Republican,Mike Schultz,941
Davis,State House,13,Democratic,Bob Buckles,3716
Davis,State House,13,Republican,Paul Ray,9843
Davis,State House,14,Republican,Karianne Lisonbee,10266
Davis,State House,15,Republican,Brad Wilson,13864
Davis,State House,15,Democratic,Rich Miller,3361
Davis,State House,16,Libertarian,Brent Zimmerman,1214
Davis,State House,16,Democratic,Tiffany Kopp,3383
Davis,State House,16,Republican,Steve Handy,9778
Davis,State House,17,Republican,Stewart Barlow,12716
Davis,State House,17,Democratic,Christine Stenquist,4775
Davis,State House,18,Republican,Timothy Hawkes,17463
Davis,State House,19,Republican,Raymond Ward,13239
Davis,State House,19,Democratic,Kurt Weiland,5154
Davis,State House,20,Democratic,Jon Marsh,4686
Davis,State House,20,Republican,Becky Edwards,12223
Davis,State Senate,20,Republican,Buxton,4870
Davis,State Senate,20,Democratic,Alan Yorgason,2176
Davis,State Senate,23,Republican,Todd Weiler,28718
Davis,State Senate,23,Democratic,Hartwick,11506
Davis,State Treasurer,,Constitution,Richard Proctor,9187
Davis,State Treasurer,,Republican,David Damschen,90700
Davis,State Treasurer,,Democratic,Hansen,33506
Davis,U.S. House,1,Libertarian,Craig Bowden,4925
Davis,U.S. House,1,Independent,Chadwick Fairbanks,1371
Davis,U.S. House,1,Democratic,Peter Clemens,18707
Davis,U.S. House,1,Republican,Rob Bishop,57066
Davis,U.S. House,2,Constitution,Paul McCollaum,2084
Davis,U.S. House,2,Democratic,Charlene Albarran,13198
Davis,U.S. House,2,Republican,Chris Stewart,40209
Davis,U.S. Senate,,Democratic,Misty Snow,28459
Davis,U.S. Senate,,Independent American,Stoney Fonua,4170
Davis,U.S. Senate,,Republican,Mike Lee,102865
Davis,U.S. Senate,,Independent,Bill Barron,2654
Duchesne,Attorney General,,Libertarian,W. Andrew McCullough,327
Duchesne,Attorney General,,Democratic,Jon Harper,599
Duchesne,Attorney General,,Republican,Sean Reyes,5745
Duchesne,Attorney General,,Independent American,Michael Isbell,179
Duchesne,Governor,,,Write-In,14
Duchesne,Governor,,Republican,Gary Herbert,5837
Duchesne,Governor,,Libertarian,Brian Kamerath,219
Duchesne,Governor,,Independent,Dell Schanze,151
Duchesne,Governor,,Democratic,Mike Weinholtz,715
Duchesne,President,,Democratic,Hillary Clinton,500
Duchesne,President,,Independent,Rocky Giordani,6
Duchesne,President,,Workers World,Monica Moorehead,2
Duchesne,President,,Socialist Workers,Alyson Kennedy,1
Duchesne,President,,,Write-In,46
Duchesne,President,,Constitution,Darrell Castle,68
Duchesne,President,,Independent,Evan McMullin,730
Duchesne,President,,Green,Jill Stein,18
Duchesne,President,,,Rocky De La Fuente,2
Duchesne,President,,Republican,Donald Trump,5508
Duchesne,President,,Libertarian,Gary Johnson,107
Duchesne,State Auditor,,Democratic,Mike Mitchell,883
Duchesne,State Auditor,,Republican,John Dougall,5498
Duchesne,State Auditor,,Independent American,Jared Green,367
Duchesne,State House,53,Democratic,Cole Capener,146
Duchesne,State House,53,Republican,Logan Wilde,1325
Duchesne,State House,55,Republican,Scott Chew,1533
Duchesne,State House,55,Democratic,Wayne Stevens,169
Duchesne,State House,69,Democratic,Brad King,927
Duchesne,State House,69,Republican,Christine Watkins,2632
Duchesne,State Treasurer,,Republican,David Damschen,5284
Duchesne,State Treasurer,,Democratic,Neil Hansen,913
Duchesne,State Treasurer,,Constitution,Richard Proctor,550
Duchesne,U.S. House,1,Republican,Rob Bishop,5755
Duchesne,U.S. House,1,Democratic,Peter Clemens,713
Duchesne,U.S. House,1,Libertarian,Craig Bowden,292
Duchesne,U.S. House,1,Independent,Chadwick Fairbanks,123
Duchesne,U.S. Senate,,Independent,Bill Barron,104
Duchesne,U.S. Senate,,Independent American,Stoney Fonua,114
Duchesne,U.S. Senate,,Republican,Mike Lee,6047
Duchesne,U.S. Senate,,Democratic,Misty Snow,621
Emery,Attorney General,,Libertarian,W. Andrew McCullough,163
Emery,Attorney General,,Democratic,Jon Harper,537
Emery,Attorney General,,Republican,Sean Reyes,3311
Emery,Attorney General,,Independent American,Michael Isbell,149
Emery,Governor,,,Write-In,3
Emery,Governor,,Democratic,Mike Weinholtz,482
Emery,Governor,,Republican,Gary Herbert,3617
Emery,Governor,,Independent,Dell Schanze,80
Emery,Governor,,Libertarian,Brian Kamerath,61
Emery,President,,Independent,Rocky Giordani,28
Emery,President,,,Rocky De La Fuente,0
Emery,President,,Democratic,Hillary Clinton,379
Emery,President,,Workers World,Monica Moorehead,2
Emery,President,,Socialist Workers,Alyson Kennedy,2
Emery,President,,,Write-In,27
Emery,President,,Constitution,Darrell Castle,15
Emery,President,,Independent,Evan McMullin,362
Emery,President,,Green,Jill Stein,3
Emery,President,,Republican,Donald Trump,3402
Emery,President,,Libertarian,Gary Johnson,70
Emery,State Auditor,,Democratic,Mike Mitchell,714
Emery,State Auditor,,Republican,John Dougall,3192
Emery,State Auditor,,Independent American,Jared Green,225
Emery,State House,69,Democratic,Brad King,141
Emery,State House,69,Republican,Christine Watkins,202
Emery,State House,70,Republican,Carl Albrecht,3145
Emery,State House,70,Democratic,William Groff,640
Emery,State Senate,27,Republican,David Hinkins,3708
Emery,State Senate,27,Democratic,Heidi Redd,543
Emery,State Treasurer,,Republican,David Damschen,3024
Emery,State Treasurer,,Democratic,Neil Hansen,833
Emery,State Treasurer,,Constitution,Richard Proctor,247
Emery,U.S. House,3,Democratic,Stephen Tryon,534
Emery,U.S. House,3,Republican,Jason Chaffetz,3638
Emery,U.S. Senate,,Independent,Bill Barron,58
Emery,U.S. Senate,,Independent American,Stoney Fonua,76
Emery,U.S. Senate,,Republican,Mike Lee,3630
Emery,U.S. Senate,,Democratic,Misty Snow,457
Garfield,Attorney General,,Libertarian,W. Andrew McCullough,114
Garfield,Attorney General,,Democratic,Jon Harper,354
Garfield,Attorney General,,Republican,Sean Reyes,1774
Garfield,Attorney General,,Independent American,Michael Isbell,39
Garfield,Governor,,Libertarian,Brian Kamerath,47
Garfield,Governor,,,Write-In,5
Garfield,Governor,,Republican,Gary Herbert,1888
Garfield,Governor,,Independent,Dell Schanze,26
Garfield,Governor,,Democratic,Mike Weinholtz,378
Garfield,President,,Democratic,Hillary Clinton,358
Garfield,President,,Independent,Rocky Giordani,7
Garfield,President,,Socialist Workers,Alyson Kennedy,2
Garfield,President,,Workers World,Monica Moorehead,4
Garfield,President,,,Rocky De La Fuente,1
Garfield,President,,,Write-In,19
Garfield,President,,Constitution,Darrell Castle,3
Garfield,President,,Independent,Evan McMullin,286
Garfield,President,,Green,Jill Stein,16
Garfield,President,,Republican,Donald Trump,1606
Garfield,President,,Libertarian,Gary Johnson,61
Garfield,State Auditor,,Democratic,Mike Mitchell,427
Garfield,State Auditor,,Republican,John Dougall,1704
Garfield,State Auditor,,Independent American,Jared Green,102
Garfield,State House,73,Republican,Mike Noel,1754
Garfield,State House,73,Democratic,Ty Markham,561
Garfield,State Senate,24,Republican,Ralph Okerlund,1841
Garfield,State Treasurer,,Republican,David Damschen,1657
Garfield,State Treasurer,,Democratic,Neil Hansen,429
Garfield,State Treasurer,,Constitution,Richard Proctor,145
Garfield,U.S. House,2,Republican,Chris Stewart,1829
Garfield,U.S. House,2,Constitution,Paul McCollaum,74
Garfield,U.S. House,2,Democratic,Charlene Albarran,386
Garfield,U.S. Senate,,Independent,Bill Barron,46
Garfield,U.S. Senate,,Independent American,Stoney Fonua,26
Garfield,U.S. Senate,,Republican,Mike Lee,1903
Garfield,U.S. Senate,,Democratic,Misty Snow,361
Grand,Attorney General,,Republican,Sean Reyes,2096
Grand,Attorney General,,Libertarian,W. Andrew McCullough,372
Grand,Attorney General,,Independent American,Michael Isbell,119
Grand,Attorney General,,Democratic,Jon Harper,1839
Grand,Governor,,Libertarian,Brian Kamerath,156
Grand,Governor,,Democratic,Mike Weinholtz,2067
Grand,Governor,,Independent American,Dell Schanze,50
Grand,Governor,,,Write-In,8
Grand,Governor,,Republican,Gary Herbert,2266
Grand,President,,Libertarian,Gary Johnson,180
Grand,President,,Independent American,Giordani,7
Grand,President,,,Evan McMullin,281
Grand,President,,,Monica Moorehead,0
Grand,President,,Republican,Donald Trump,1975
Grand,President,,Democratic,Hillary Clinton,1960
Grand,President,,,Rocky De La Fuente,5
Grand,President,,,Jill Stein,109
Grand,President,,Constitution,Darrell Castle,10
Grand,President,,,Alyson Kennedy,5
Grand,President,,,Write-In,69
Grand,State Auditor,,Democratic,Mike Mitchell,1991
Grand,State Auditor,,Republican,John Dougall,2074
Grand,State Auditor,,Independent American,Jared Green,265
Grand,State House,69,Democratic,Brad King,877
Grand,State House,69,Republican,Christine Watkins,867
Grand,State House,70,Democratic,William Groff,1617
Grand,State House,70,Republican,Carl Albrecht,1069
Grand,State Senate,27,Democratic,Heidi Redd,2544
Grand,State Senate,27,Republican,David Hinkins,1950
Grand,State Treasurer,,Republican,David Damschen,2068
Grand,State Treasurer,,Constitution,Richard Proctor,204
Grand,State Treasurer,,Democratic,Neil Hansen,2041
Grand,U.S. House,3,Democratic,Stephen Tryon,2210
Grand,U.S. House,3,Republican,Jason Chaffetz,2299
Grand,U.S. Senate,,,Bill Barron,172
Grand,U.S. Senate,,Democratic,Misty Snow,2032
Grand,U.S. Senate,,Independent American,Stoney Fonua,87
Grand,U.S. Senate,,Republican,Mike Lee,2258
Iron,Attorney General,,Libertarian,W. Andrew McCullough,1233
Iron,Attorney General,,Democratic,Jon Harper,2331
Iron,Attorney General,,Republican,Sean Reyes,13276
Iron,Attorney General,,Independent American,Michael Isbell,621
Iron,Governor,,Libertarian,Brian Kamerath,862
Iron,Governor,,,Write-In,50
Iron,Governor,,Republican,Gary Herbert,13646
Iron,Governor,,,L.S. Brown,1
Iron,Governor,,Independent,Dell Schanze,360
Iron,Governor,,Democratic,Mike Weinholtz,2597
Iron,President,,Independent,Rocky Giordani,49
Iron,President,,Democratic,Hillary Clinton,2450
Iron,President,,,Rocky De La Fuente,15
Iron,President,,Workers World,Monica Moorehead,8
Iron,President,,Socialist Workers,Alyson Kennedy,4
Iron,President,,,Write-In,177
Iron,President,,Constitution,Darrell Castle,173
Iron,President,,Independent,Evan McMullin,2752
Iron,President,,Green,Jill Stein,102
Iron,President,,Republican,Donald Trump,11561
Iron,President,,Libertarian,Gary Johnson,540
Iron,State Auditor,,Democratic,Mike Mitchell,3033
Iron,State Auditor,,Independent American,Jared Green,1217
Iron,State Auditor,,Republican,John Dougall,12627
Iron,State House,71,Democratic,Chuck Goode,542
Iron,State House,71,Republican,Brad Last,3417
Iron,State House,72,Republican,John Westwood,11635
Iron,State Treasurer,,Republican,David Damschen,12145
Iron,State Treasurer,,Democratic,Neil Hansen,3168
Iron,State Treasurer,,Constitution,Richard Proctor,1602
Iron,U.S. House,2,Republican,Chris Stewart,14042
Iron,U.S. House,2,Constitution,Paul McCollaum,1060
Iron,U.S. House,2,Democratic,Charlene Albarran,2731
Iron,U.S. Senate,,Independent,Bill Barron,213
Iron,U.S. Senate,,Independent American,Stoney Fonua,462
Iron,U.S. Senate,,Republican,Mike Lee,14239
Iron,U.S. Senate,,Democratic,Misty Snow,2567
Juab,Attorney General,,Libertarian,W. Andrew McCullough,197
Juab,Attorney General,,Democratic,Jon Harper,469
Juab,Attorney General,,Republican,Sean Reyes,3225
Juab,Attorney General,,Independent American,Michael Isbell,105
Juab,Governor,,Libertarian,Brian Kamerath,110
Juab,Governor,,Democratic,Mike Weinholtz,487
Juab,Governor,,Republican,Gary Herbert,3483
Juab,Governor,,Independent American,Dell Schanze,56
Juab,President,,Independent,Rocky Giordani,10
Juab,President,,,Rocky De La Fuente,1
Juab,President,,Workers World,Monica Moorehead,3
Juab,President,,Socialist Workers,Alyson Kennedy,2
Juab,President,,Constitution,Darrell Castle,44
Juab,President,,,Write-In,44
Juab,President,,Independent,Evan McMullin,762
Juab,President,,Green,Jill Stein,14
Juab,President,,Democratic,Hillary Clinton,442
Juab,President,,Republican,Donald Trump,2827
Juab,President,,Libertarian,Gary Johnson,72
Juab,State Auditor,,Democratic,Mike Mitchell,726
Juab,State Auditor,,Republican,John Dougall,3002
Juab,State Auditor,,Independent American,Jared Green,202
Juab,State House,58,Republican,Derrin Owens,3403
Juab,State House,68,Republican,Merrill Nelson,213
Juab,State House,68,Constitution,Kirk Pearson,42
Juab,State House,68,Democratic,Cindee Beard,107
Juab,State Senate,24,Republican,Ralph Okerlund,3719
Juab,State Treasurer,,Democratic,Neil Hansen,737
Juab,State Treasurer,,Republican,David Damschen,2798
Juab,State Treasurer,,Constitution,Richard Proctor,368
Juab,U.S. House,2,Republican,Chris Stewart,233
Juab,U.S. House,2,Constitution,Paul McCollaum,26
Juab,U.S. House,2,Democratic,Charlene Albarran,107
Juab,U.S. House,4,Constitution,Mia Love,2869
Juab,U.S. House,4,Constitution,Collin Simonsen,201
Juab,U.S. House,4,Democratic,Doug Owens,745
Juab,U.S. Senate,,Independent,Bill Barron,55
Juab,U.S. Senate,,Independent American,Stoney Fonua,86
Juab,U.S. Senate,,Republican,Mike Lee,3576
Juab,U.S. Senate,,Democratic,Misty Snow,448
Kane,Attorney General,,Libertarian,W. Andrew McCullough,176
Kane,Attorney General,,Democratic,Jon Harper,699
Kane,Attorney General,,Republican,Sean Reyes,2428
Kane,Attorney General,,Independent American,Michael Isbell,106
Kane,Governor,,Libertarian,Brian Kamerath,93
Kane,Governor,,,Write-In,5
Kane,Governor,,Independent American,Dell Schanze,58
Kane,Governor,,Republican,Gray Herbert,2589
Kane,Governor,,Democratic,Mike Weinholtz,729
Kane,President,,Independent American,Rocky Giordani,6
Kane,President,,Workers World,Monica Moorehead,352
Kane,President,,Socialist Workers,Alyson Kennedy,3
Kane,President,,Constitution,Darrell Castle,15
Kane,President,,Independent,Evan McMullin,1
Kane,President,,Green,Jill Stein,31
Kane,President,,,Rocky De La Fuente,5
Kane,President,,,Write-In,33
Kane,President,,Libertarian,Gary Johnson,86
Kane,President,,Republican,Donald Trump,2265
Kane,President,,Democratic,Hillary Clinton,741
Kane,State Auditor,,Democratic,Mike Mitchell,802
Kane,State Auditor,,Republican,John Dougall,2316
Kane,State Auditor,,Independent American,Jared Green,190
Kane,State House,73,Republican,Mike Noel,2353
Kane,State House,73,Democratic,Ty Markham,1107
Kane,State Senate,24,Republican,Ralph Okerlund,2696
Kane,State Treasurer,,Democratic,Neil Hansen,827
Kane,State Treasurer,,Republican,Davad Damschen,2271
Kane,State Treasurer,,Constitution,Richard Proctor,195
Kane,U.S. House,2,Republican,Chris Stewart,2507
Kane,U.S. House,2,Constitution,Paul McCollaum,119
Kane,U.S. House,2,Democratic,Charlene Albarran,794
Kane,U.S. Senate,,Independent,Bill Barron,81
Kane,U.S. Senate,,Independent American,Stoney Fonua,65
Kane,U.S. Senate,,Republican,Mike Lee,2568
Kane,U.S. Senate,,Democratic,Misty Snow,752
Millard,Attorney General,,Libertarian,W. Andrew McCullough,273
Millard,Attorney General,,Democratic,Jon Harper,478
Millard,Attorney General,,Republican,Sean Reyes,4279
Millard,Attorney General,,Independent American,Michael Isbell,123
Millard,Governor,,Libertarian,Brian Kamerath,155
Millard,Governor,,,Write-In,14
Millard,Governor,,Republican,Gary Herbert,4455
Millard,Governor,,Independent American,Dell Schanze,78
Millard,Governor,,Democratic,Mike Weinholtz,566
Millard,Governor,,Independent,L.S. Brown,5
Millard,President,,Independent American,Rocky Giordani,8
Millard,President,,Democratic,Hillary Clinton,431
Millard,President,,Workers World,Monica Moorehead,5
Millard,President,,Socialist Workers,Alyson Kennedy,1
Millard,President,,Constitution,Darrell Castle,99
Millard,President,,Independent,Evan McMullin,719
Millard,President,,Green,Jill Stein,6
Millard,President,,,Rocky De La Fuente,5
Millard,President,,,Write-In,27
Millard,President,,Republican,Donald Trump,3858
Millard,President,,Libertarian,Gary Johnson,108
Millard,State Auditor,,Democratic,Mike Mitchell,739
Millard,State Auditor,,Republican,John Dougall,3975
Millard,State Auditor,,Independent American,Jared Green,319
Millard,State House,68,Republican,Merrill Nelson,3903
Millard,State House,68,Constitution,Kirk Pearson,428
Millard,State House,68,Democratic,Cindee Beard,608
Millard,State Senate,24,Republican,Ralph Okerlund,4566
Millard,State Treasurer,,Republican,David Damschen,3688
Millard,State Treasurer,,Democratic,Neil Hansen,853
Millard,State Treasurer,,Constitution,Richard Proctor,493
Millard,U.S. House,2,Republican,Chris Stewart,4166
Millard,U.S. House,2,Constitution,Paul McCollaum,576
Millard,U.S. House,2,Democratic,Charlene Albarran,455
Millard,U.S. Senate,,Independent,Bill Barron,61
Millard,U.S. Senate,,Independent American,Stoney Fonua,81
Millard,U.S. Senate,,Republican,Mike Lee,4575
Millard,U.S. Senate,,Democratic,Misty Snow,469
Morgan,Attorney General,,Libertarian,W. Andrew McCullough,245
Morgan,Attorney General,,Democratic,Jon Harper,577
Morgan,Attorney General,,Republican,Sean Reyes,4197
Morgan,Attorney General,,Independent American,Michael Isbell,99
Morgan,Governor,,Democratic,Mike Weinholtz,629
Morgan,Governor,,,Write-In,21
Morgan,Governor,,Republican,Gary Herbert,4304
Morgan,Governor,,Independent American,Dell Schanze,81
Morgan,Governor,,Libertarian,Brian Kamerath,158
Morgan,President,,Independent American,Rocky Giordani,3
Morgan,President,,Workers World,Monica Moorehead,2
Morgan,President,,Socialist Workers,Alyson Kennedy,1
Morgan,President,,Constitution,Darrell Castle,68
Morgan,President,,Independent,Evan McMullin,1198
Morgan,President,,Green,Jill Stein,11
Morgan,President,,,Rocky De La Fuente,2
Morgan,President,,,Write-In,30
Morgan,President,,Libertarian,Gary Johnson,142
Morgan,President,,Republican,Donald Trump,3188
Morgan,President,,Democratic,Hillary Clinton,577
Morgan,State Auditor,,Democratic,Mike Mitchell,815
Morgan,State Auditor,,Republican,John Dougall,3958
Morgan,State Auditor,,Independent American,Jared Green,282
Morgan,State House,53,Republican,Logan Wilde,4367
Morgan,State House,53,Democratic,Cole Capener,649
Morgan,State Senate,19,Republican,Allen Christensen,3663
Morgan,State Senate,19,Democratic,Deana Froerer,767
Morgan,State Treasurer,,Democratic,Neil Hansen,852
Morgan,State Treasurer,,Republican,David Damschen,3830
Morgan,State Treasurer,,Constitution,Richard Proctor,347
Morgan,U.S. House,1,Republican,Rob Bishop,4037
Morgan,U.S. House,1,Democratic,Peter Clemens,816
Morgan,U.S. House,1,Independent,Chadwick Fairbanks,68
Morgan,U.S. House,1,Libertarian,Craig Bowden,232
Morgan,U.S. Senate,,Independent,Bill Barron,84
Morgan,U.S. Senate,,Independent American,Stoney Fonua,106
Morgan,U.S. Senate,,Republican,Mike Lee,4378
Morgan,U.S. Senate,,Democratic,Misty Snow,595
Piute,Attorney General,,Libertarian,W. Andrew McCullough,29
Piute,Attorney General,,Democratic,Jon Harper,51
Piute,Attorney General,,Republican,Sean Reyes,597
Piute,Attorney General,,Independent American,Michael Isbell,19
Piute,Governor,,,Write-In,1
Piute,Governor,,Republican,Gary Herbert,630
Piute,Governor,,Independent American,Dell Schanze,13
Piute,Governor,,Libertarian,Brian Kamerath,18
Piute,Governor,,Democratic,Mike Weinholtz,54
Piute,President,,Democratic,Hillary Clinton,47
Piute,President,,Socialist Workers,Alyson Kennedy,0
Piute,President,,Independent American,Rocky Giordani,2
Piute,President,,Workers World,Monica Moorehead,1
Piute,President,,,Rocky De La Fuente,0
Piute,President,,Constitution,Darrell Castle,5
Piute,President,,Independent,Evan McMullin,36
Piute,President,,Green,Jill Stein,1
Piute,President,,,Write-In,1
Piute,President,,Republican,Donald Trump,626
Piute,President,,Libertarian,Gary Johnson,11
Piute,State Auditor,,Democratic,Mike Mitchell,75
Piute,State Auditor,,Republican,John Dougall,581
Piute,State Auditor,,Independent American,Jared Green,36
Piute,State House,73,Republican,Mike Noel,621
Piute,State House,73,Democratic,Ty Markham,74
Piute,State Senate,24,Republican,Ralph Okerlund,646
Piute,State Treasurer,,Republican,David Damschen,573
Piute,State Treasurer,,Democratic,Neil Hansen,76
Piute,State Treasurer,,Constitution,Richard Proctor,39
Piute,U.S. House,2,Democratic,Charlene Albarran,53
Piute,U.S. House,2,Republican,Chris Stewart,621
Piute,U.S. House,2,Constitution,Paul McCollaum,26
Piute,U.S. Senate,,Independent,Bill Barron,4
Piute,U.S. Senate,,Independent American,Stoney Fonua,14
Piute,U.S. Senate,,Republican,Mike Lee,640
Piute,U.S. Senate,,Democratic,Misty Snow,54
Rich,Attorney General,,Independent American,Michael Isbell,33
Rich,Attorney General,,Libertarian,W. Andrew McCullough,35
Rich,Attorney General,,Democratic,Jon Harper,123
Rich,Attorney General,,Republican,Sean Reyes,898
Rich,Governor,,Libertarian,Brian Kamerath,20
Rich,Governor,,,Write-In,2
Rich,Governor,,Republican,Gary Herbert,948
Rich,Governor,,Independent American,Dell Schanze,24
Rich,Governor,,Democratic,Mike Weinholtz,122
Rich,President,,,Jill Stein,1
Rich,President,,Independent American,Giordani/Anderson,0
Rich,President,,Republican,Donald Trump,797
Rich,President,,,Monica Moorehead,0
Rich,President,,Constitution,Darrell Castle,10
Rich,President,,,Alyson Kennedy,0
Rich,President,,Democratic,Hillary Clinton,104
Rich,President,,,Evan McMullin,174
Rich,President,,,Write-In,9
Rich,President,,Libertarian,Gary Johnson,21
Rich,President,,,Rocky De La Fuente,2
Rich,State Auditor,,Republican,John Dougall,858
Rich,State Auditor,,Democratic,Mike Mitchell,169
Rich,State Auditor,,Independent American,Jared Green,46
Rich,State House,53,Democratic,Cole Capener,142
Rich,State House,53,Republican,Logan Wilde,942
Rich,State Senate,25,Republican,Lyle Hillyard,995
Rich,State Treasurer,,Republican,David Damschen,835
Rich,State Treasurer,,Constitution,Richard Proctor,55
Rich,State Treasurer,,Democratic,Neil Hansen,175
Rich,U.S. House,1,Republican,Rob Bishop,932
Rich,U.S. House,1,Libertarian,Craig Bowden,32
Rich,U.S. House,1,Democratic,Peter Clemens,130
Rich,U.S. House,1,,Chadwick Fairbanks,16
Rich,U.S. Senate,,Independent American,Stoney Fonua,13
Rich,U.S. Senate,,,Bill Barron,14
Rich,U.S. Senate,,Republican,Mike Lee,970
Rich,U.S. Senate,,Democratic,Misty Snow,110
Salt Lake City,Attorney General,,Independent American,Michael Isbell,10692
Salt Lake City,Attorney General,,Republican,Sean Reyes,212678
Salt Lake City,Attorney General,,Libertarian,W. Andrew McCullough,30029
Salt Lake City,Attorney General,,Democratic,Jon Harper,151565
Salt Lake City,State Auditor,,Democratic,Mike Mitchell,175515
Salt Lake City,State Auditor,,Republican,John Dougall,194859
Salt Lake City,State Auditor,,Independent American,Jared Green,23226
Salt Lake City,Governor,,,L.S. Brown,60
Salt Lake City,Governor,,Libertarian,Brian Kamerath,23342
Salt Lake City,Governor,,Democratic,Mike Weinholtz,362924
Salt Lake City,Governor,,,Write-In,1640
Salt Lake City,Governor,,Independent American,Dell Schanze,10188
Salt Lake City,Governor,,Republican,Gary Herbert,437140
Salt Lake City,President,,,David Limbaugh,0
Salt Lake City,President,,,Dustin Baird,1
Salt Lake City,President,,,Sheila Samm Tittle,0
Salt Lake City,President,,Independent,Evan McMullin,79880
Salt Lake City,President,,Green,Jill Stein,4965
Salt Lake City,President,,,Mike Smith,1
Salt Lake City,President,,Libertarian,Gary Johnson,16306
Salt Lake City,President,,,Jamin Burton,0
Salt Lake City,President,,Socialist Workers,Alyson Kennedy,250
Salt Lake City,President,,Democratic,Hillary Clinton,175863
Salt Lake City,President,,,Janet Reid,0
Salt Lake City,President,,,Andrew Basiago,2
Salt Lake City,President,,Constitution,Darrell Castle,2047
Salt Lake City,President,,,Tom Hoefling,1
Salt Lake City,President,,Republican,Donald Trump,138043
Salt Lake City,President,,Independent,Rocky Giordani,900
Salt Lake City,President,,,Tony Valdivia,0
Salt Lake City,President,,,Rocky De La Fuente,353
Salt Lake City,President,,Workers World,Monica Moorehead,246
Salt Lake City,President,,,Cherunda Fox,0
Salt Lake City,President,,,Laurence Kotlikoff,6
Salt Lake City,President,,,Stephen Paul Parks,0
Salt Lake City,President,,,Emidio Soltysik,4
Salt Lake City,President,,,Write-In,4875
Salt Lake City,President,,,Robert Buchanan,0
Salt Lake City,President,,,Marshall Schoenke,0
Salt Lake City,State House,22,Democratic,Susan Duckworth,5411
Salt Lake City,State House,22,Republican,Jamie White,5002
Salt Lake City,State House,23,Democratic,Sandra Hollins,5464
Salt Lake City,State House,23,Republican,Scott Hawkins,2458
Salt Lake City,State House,24,Democratic,Rebecca Chavez Houck,14064
Salt Lake City,State House,25,Democratic,Joel Briscoe,14216
Salt Lake City,State House,26,Democratic,Angela Romero,7282
Salt Lake City,State House,28,Democratic,Brian King,15102
Salt Lake City,State House,30,Republican,Mike Winder,6306
Salt Lake City,State House,30,Democratic,Frank Bedolla,4441
Salt Lake City,State House,31,Republican,Sophia Dicaro,3994
Salt Lake City,State House,31,Democratic,Elizabeth Weight,4234
Salt Lake City,State House,32,Republican,Lavar Christensen,8541
Salt Lake City,State House,32,Democratic,Suzanne Harrison,8536
Salt Lake City,State House,33,Democratic,Peter Tomala,4160
Salt Lake City,State House,33,Republican,Craig Hall,4279
Salt Lake City,State House,34,Republican,Macade Jensen,5169
Salt Lake City,State House,34,Democratic,Karen Kwan,6173
Salt Lake City,State House,35,Republican,Patricia Phaklides,2841
Salt Lake City,State House,35,Libertarian,Chelsea Travis,941
Salt Lake City,State House,35,Democratic,Mark Wheatley,6186
Salt Lake City,State House,36,Democratic,Patrice Arent,16210
Salt Lake City,State House,37,Democratic,Carol Spackman,10637
Salt Lake City,State House,37,Republican,Kris Kimball,7186
Salt Lake City,State House,38,Democratic,Charles Henderson,4049
Salt Lake City,State House,38,Republican,Eric Hutchings,4971
Salt Lake City,State House,39,Republican,Jim Dunnigan,7081
Salt Lake City,State House,39,Democratic,Paul Schulte,5342
Salt Lake City,State House,40,Democratic,Lynn Hemingway,10404
Salt Lake City,State House,40,Republican,Joseph Breault,5058
Salt Lake City,State House,41,Democratic,Chad Harrington,3927
Salt Lake City,State House,41,Republican,Dan McCay,13291
Salt Lake City,State House,42,Republican,Kim Coleman,11670
Salt Lake City,State House,43,Republican,Adam Gardiner,7511
Salt Lake City,State House,43,Democratic,Edgar Harwood,4674
Salt Lake City,State House,44,Republican,Bruce Cutler,7544
Salt Lake City,State House,44,Democratic,Christine Passey,7267
Salt Lake City,State House,45,Republican,Steve Eliason,8261
Salt Lake City,State House,45,Democratic,Nikki Cunard,6677
Salt Lake City,State House,46,Libertarian,Lee Anne Walker,3932
Salt Lake City,State House,46,Democratic,Marie Poulson,12547
Salt Lake City,State House,47,Republican,Ken Ivory,7345
Salt Lake City,State House,47,Democratic,John Rendell,5263
Salt Lake City,State House,49,Republican,Robert Spendlove,10901
Salt Lake City,State House,49,Democratic,Zach Robinson,8134
Salt Lake City,State House,50,Republican,Susan Pulsipher,15538
Salt Lake City,State House,50,Democratic,Patty Rich,5121
Salt Lake City,State House,51,Republican,Greg Hughes,10146
Salt Lake City,State House,51,Democratic,Kyle Waters,5007
Salt Lake City,State House,51,,Gordon Jones,8
Salt Lake City,State House,51,,Write-In,61
Salt Lake City,State House,52,Democratic,Garr Smith,4417
Salt Lake City,State House,52,Republican,John Knotwell,13020
Salt Lake City,State Senate,1,Republican,Fred Johnson,8372
Salt Lake City,State Senate,1,Democratic,Luz Escamilla,11957
Salt Lake City,State Senate,6,Libertarian,Jim Dexter,2266
Salt Lake City,State Senate,6,Democratic,Celina Milner,12682
Salt Lake City,State Senate,6,Republican,Wayne Harper,19325
Salt Lake City,State Senate,8,Republican,Brian Shiozawa,23533
Salt Lake City,State Senate,8,Democratic,Ash Anderson,17577
Salt Lake City,State Senate,10,Democratic,Dan Paget,13442
Salt Lake City,State Senate,10,Republican,Lincoln Fillmore,31762
Salt Lake City,State Senate,13,Republican,Jake Anderegg,4109
Salt Lake City,State Senate,13,,Write-In,79
Salt Lake City,State Senate,13,Independent,David (Dave) Lifferth,0
Salt Lake City,State Senate,23,Democratic,Steve Hartwick,2447
Salt Lake City,State Senate,23,Republican,Todd Weiler,1165
Salt Lake City,State Treasurer,,Constitution,Richard Proctor,24732
Salt Lake City,State Treasurer,,Republican,David Damschen,187053
Salt Lake City,State Treasurer,,Democratic,Neil Hansen,176385
Salt Lake City,U.S. House,2,Republican,Chris Stewart,31559
Salt Lake City,U.S. House,2,Democratic,Charlene Albarran,57950
Salt Lake City,U.S. House,2,Constitution,Paul McCollaum,3171
Salt Lake City,U.S. House,3,Republican,Jason Chaffetz,51753
Salt Lake City,U.S. House,3,Democratic,Stephen Tryon,36166
Salt Lake City,U.S. House,4,Democratic,Doug Owens,104722
Salt Lake City,U.S. House,4,Republican,Mia Love,114981
Salt Lake City,U.S. House,4,Constitution,Collin Simonsen,11067
Salt Lake City,U.S. Senate,,,Bill Barron,11699
Salt Lake City,U.S. Senate,,Republican,Mike Lee,220652
Salt Lake City,U.S. Senate,,Democratic,Misty Snow,168403
Salt Lake City,U.S. Senate,,Independent American,Stoney Fonua,10584
San Juan,Attorney General,,Libertarian,W. Andrew McCullough,293
San Juan,Attorney General,,Democratic,Jon Harper,1989
San Juan,Attorney General,,Republican,Sean Reyes,2873
San Juan,Attorney General,,Independent American,Michael Isbell,210
San Juan,Governor,,,Write-In,12
San Juan,Governor,,Republican,Gary Herbert,3188
San Juan,Governor,,Independent American,Dell Schanze,129
San Juan,Governor,,Libertarian,Brian Kamerath,149
San Juan,Governor,,Democratic,Mike Weinholtz,1975
San Juan,President,,,Rocky De La Fuente,7
San Juan,President,,Workers World,Monica Moorehead,4
San Juan,President,,Socialist Workers,Alyson Kennedy,5
San Juan,President,,Constitution,Darrell Castle,45
San Juan,President,,,Rocky De La Fuente,1
San Juan,President,,Independent,Evan McMullin,486
San Juan,President,,Green,Jill Stein,47
San Juan,President,,,Write-In,87
San Juan,President,,Libertarian,Gary Johnson,165
San Juan,President,,Republican,Donald Trump,2645
San Juan,President,,Democratic,Hillary Clinton,2042
San Juan,State Auditor,,Democratic,Mike Mitchell,2123
San Juan,State Auditor,,Independent American,Jared Green,389
San Juan,State Auditor,,Republican,John Dougall,2778
San Juan,State House,73,Republican,Mike Noel,2891
San Juan,State House,73,Democratic,Ty Markham,2379
San Juan,State Senate,27,Republican,David Hinkins,2659
San Juan,State Senate,27,Democratic,Heidi Redd,2719
San Juan,State Treasurer,,Democratic,Neil Hansen,2184
San Juan,State Treasurer,,Republican,David Damschen,2736
San Juan,State Treasurer,,Constitution,Richard Proctor,358
San Juan,U.S. House,3,Democratic,Stephen Tryon,2117
San Juan,U.S. House,3,Republican,Jason Chaffetz,3227
San Juan,U.S. Senate,,Independent,Bill Barron,91
San Juan,U.S. Senate,,Independent American,Stoney Fonua,137
San Juan,U.S. Senate,,Republican,Mike Lee,3243
San Juan,U.S. Senate,,Democratic,Misty Snow,1947
San Pete,Attorney General,,Republican,Sean Reyes,7883
San Pete,Attorney General,,Independent American,Michael Isbell,400
San Pete,Attorney General,,Democratic,Jon Harper,1123
San Pete,Attorney General,,Libertarian,W. Andrew McCullough,469
San Pete,Governor,,Democratic,Mike Weinholtz,1033
San Pete,Governor,,Independent American,Dell Schanze,197
San Pete,Governor,,Libertarian,Brian Kamerath,244
San Pete,Governor,,,Write In,18
San Pete,Governor,,Republican,Gary Herbert,8701
San Pete,President,,,Write In,85
San Pete,President,,Republican,Donald Trump,6673
San Pete,President,,,Evan McMullin,2038
San Pete,President,,,Alyson Kennedy,0
San Pete,President,,Democratic,Hillary Clinton,1061
San Pete,President,,Constitution,Darrell Castle,139
San Pete,President,,Libertarian,Gary Johnson,186
San Pete,President,,Independent American,Rocky Giordani,26
San Pete,President,,,Monica Moorehead,2
San Pete,President,,,Rocky De La Fuente,7
San Pete,President,,,Jill Stein,30
San Pete,State Auditor,,Democratic,Mike Mitchell,1548
San Pete,State Auditor,,Republican,John Dougall,7373
San Pete,State Auditor,,Independent American,Jared Green,741
San Pete,State House,58,Republican,Derrin Owens,8428
San Pete,State House,70,Democratic,William Groff,21
San Pete,State House,70,Republican,Carl Albrecht,130
San Pete,State Senate,24,Republican,Ralph Okerlund,8608
San Pete,State Treasurer,,Constitution,Richard Proctor,916
San Pete,State Treasurer,,Republican,David Damschen,6999
San Pete,State Treasurer,,Democratic,Neil Hansen,1734
San Pete,U.S. House,2,Constitution,Paul McCollaum,302
San Pete,U.S. House,2,Republican,Chris Stewart,4523
San Pete,U.S. House,2,Democratic,Charlene Albarran,541
San Pete,U.S. House,4,Democratic,Doug Owens,926
San Pete,U.S. House,4,Constitution,Collin Simonsen,290
San Pete,U.S. House,4,Republican,Mia Love,3427
San Pete,U.S. Senate,,,Bill Barron,130
San Pete,U.S. Senate,,Democratic,Misty Snow,1128
San Pete,U.S. Senate,,Independent American,Stoney Fonua,228
San Pete,U.S. Senate,,Republican,Mike Lee,8583
Sevier,Attorney General,,Libertarian,W. Andrew McCullough,310
Sevier,Attorney General,,Democratic,Jon Harper,753
Sevier,Attorney General,,Independent American,Michael Isbell,286
Sevier,Attorney General,,Republican,Sean Reyes,7116
Sevier,Governor,,Libertarian,Brian Kamerath,188
Sevier,Governor,,,L.S. Brown,11
Sevier,Governor,,,Write-In,13
Sevier,Governor,,Republican,Gary Herbert,7305
Sevier,Governor,,Independent American,Dell Schanze,176
Sevier,Governor,,Democratic,Mike Weinholtz,903
Sevier,President,,Independent American,Rocky Giordani,22
Sevier,President,,,Rocky De La Fuente,1
Sevier,President,,Workers World,Monica Moorehead,6
Sevier,President,,Socialist Workers,Alyson Kennedy,3
Sevier,President,,Constitution,Darrell Castle,67
Sevier,President,,Independent,Evan McMullin,916
Sevier,President,,Green,Jill Stein,29
Sevier,President,,,Write-In,41
Sevier,President,,Libertarian,Gary Johnson,175
Sevier,President,,Republican,Donald Trump,6740
Sevier,President,,Democratic,Hillary Clinton,695
Sevier,State Auditor,,Democratic,Mike Mitchell,1105
Sevier,State Auditor,,Republican,John Dougall,6795
Sevier,State Auditor,,Independent American,Jared Green,480
Sevier,State House,70,Democratic,William Groff,955
Sevier,State House,70,Republican,Carl Albrecht,7402
Sevier,State House,73,Democratic,Ty Markham,8
Sevier,State House,73,Republican,Mike Noel,82
Sevier,State Senate,24,Republican,Ralph Okerlund,7857
Sevier,State Treasurer,,Democratic,Neil Hansen,1112
Sevier,State Treasurer,,Republican,David Damschen,6618
Sevier,State Treasurer,,Constitution,Richard Proctor,600
Sevier,U.S. House,2,Republican,Chris Stewart,7273
Sevier,U.S. House,2,Constitution,Paul McCollaum,434
Sevier,U.S. House,2,Democratic,Charlene Albarran,824
Sevier,U.S. Senate,,Independent,Bill Barron,114
Sevier,U.S. Senate,,Independent American,Stoney Fonua,176
Sevier,U.S. Senate,,Republican,Mike Lee,7438
Sevier,U.S. Senate,,Democratic,Misty Snow,836
Summit,Attorney General,,Libertarian,W. Andrew McCullough,1286
Summit,Attorney General,,Democratic,Jon Harper,9086
Summit,Attorney General,,Republican,Sean Reyes,9008
Summit,Attorney General,,Independent American,Michael Isbell,386
Summit,Governor,,,Write-In,25
Summit,Governor,,Republican,Gary Herbert,9595
Summit,Governor,,Independent American,Dell Schanze,163
Summit,Governor,,Libertarian,Brian Kamerath,541
Summit,Governor,,Democratic,Mike Weinholtz,10162
Summit,President,,Independent American,Rocky Giordani,27
Summit,President,,Democratic,Hillary Clinton,10503
Summit,President,,,Rocky De La Fuente,11
Summit,President,,Workers World,Monica Moorehead,4
Summit,President,,Socialist Workers,Alyson Kennedy,7
Summit,President,,Constitution,Darrell Castle,44
Summit,President,,Independent,Evan McMullin,1786
Summit,President,,Green,Jill Stein,170
Summit,President,,,Write-In,244
Summit,President,,Republican,Donald Trump,7333
Summit,President,,Libertarian,Gary Johnson,756
Summit,State Auditor,,Republican,John Dougall,8696
Summit,State Auditor,,Democratic,Mike Mitchell,9697
Summit,State Auditor,,Independent American,Jared Green,892
Summit,State House,28,Democratic,Brian King,1090
Summit,State House,53,Democratic,Cole Capener,4947
Summit,State House,53,Republican,Logan Wilde,6040
Summit,State House,54,Democratic,Rudi Kohler,4850
Summit,State House,54,Republican,Tim Quinn,2438
Summit,State Senate,19,Republican,Allen Christensen,3289
Summit,State Senate,19,,Write-In,11
Summit,State Senate,19,Democratic,Deana Froerer,3775
Summit,State Treasurer,,Republican,David Damschen,8779
Summit,State Treasurer,,Democratic,Neil Hansen,9303
Summit,State Treasurer,,Constitution,Richard Proctor,1108
Summit,U.S. House,1,Republican,Rob Bishop,8562
Summit,U.S. House,1,Libertarian,Craig Bowden,941
Summit,U.S. House,1,Democratic,Peter Clemens,10529
Summit,U.S. House,1,,Chadwick Fairbanks,196
Summit,U.S. Senate,,Independent American,Stoney Fonua,354
Summit,U.S. Senate,,Independent,Bill Barron,816
Summit,U.S. Senate,,Republican,Mike Lee,9409
Summit,U.S. Senate,,Democratic,Misty Snow,9610
Tooele,Attorney General,,Democratic,Jon Harper,4429
Tooele,Attorney General,,Republican,Sean Reyes,14267
Tooele,Attorney General,,Libertarian,W. Andrew McCullough,1707
Tooele,Attorney General,,Independent American,Michael Isbell,901
Tooele,Governor,,Libertarian,Brian Kamerath,752
Tooele,Governor,,,Write-In,40
Tooele,Governor,,Republican,Gary Herbert,15030
Tooele,Governor,,Independent American,Dell Schanze,484
Tooele,Governor,,Democratic,Mike Weinholtz,5425
Tooele,President,,Independent American,Rocky Giordani,123
Tooele,President,,Workers World,Monica Moorehead,11
Tooele,President,,Socialist Workers,Alyson Kennedy,11
Tooele,President,,Democratic,Hillary Clinton,4573
Tooele,President,,Constitution,Darrell Castle,191
Tooele,President,,Independent,Evan McMullin,4769
Tooele,President,,Green,Jill Stein,182
Tooele,President,,,Write-In,163
Tooele,President,,,Rocky De La Fuente,17
Tooele,President,,Republican,Donald Trump,11169
Tooele,President,,Libertarian,Gary Johnson,783
Tooele,State Auditor,,Republican,John Dougall,13538
Tooele,State Auditor,,Democratic,Mike Mitchell,5769
Tooele,State Auditor,,Independent American,Jared Green,1725
Tooele,State House,21,Republican,Douglas Sagers,7912
Tooele,State House,21,Democratic,Rick Pollock,4375
Tooele,State House,68,Republican,Merrill Nelson,6004
Tooele,State House,68,Constitution,Kirk Pearson,1090
Tooele,State House,68,Democratic,Cindee Beard,1932
Tooele,State Treasurer,,Republican,David Damschen,12544
Tooele,State Treasurer,,Democratic,Neil Hansen,5970
Tooele,State Treasurer,,Constitution,Richard Proctor,2325
Tooele,U.S. House,2,Republican,Chris Stewart,14632
Tooele,U.S. House,2,Constitution,Paul McCollaum,1457
Tooele,U.S. House,2,Democratic,Charlene Albarran,5252
Tooele,U.S. Senate,,Independent,Bill Barron,425
Tooele,U.S. Senate,,Independent American,Stoney Fonua,773
Tooele,U.S. Senate,,Republican,Mike Lee,15325
Tooele,U.S. Senate,,Democratic,Misty Snow,4959
Uintah,Attorney General,,Libertarian,W. Andrew McCullough,624
Uintah,Attorney General,,Democratic,Jon Harper,1136
Uintah,Attorney General,,Republican,Sean Reyes,10372
Uintah,Attorney General,,Independent American,Michael Isbell,346
Uintah,Governor,,,Write-In,41
Uintah,Governor,,Republican,Gary Herbert,10697
Uintah,Governor,,Independent American,Dell Schanze,218
Uintah,Governor,,Libertarian,Brian Kamerath,408
Uintah,Governor,,Democratic,Mike Weinholtz,1388
Uintah,President,,Independent American,Rocky Giordani,28
Uintah,President,,Workers World,Monica Moorehead,5
Uintah,President,,Socialist Workers,Alyson Kennedy,6
Uintah,President,,Democratic,Hillary Clinton,995
Uintah,President,,Constitution,Darrell Castle,129
Uintah,President,,,'Rocky' De La Fuente,10
Uintah,President,,Independent,Evan McMullin,1496
Uintah,President,,Green,Jill Stein,43
Uintah,President,,,Write-In,67
Uintah,President,,Republican,Donald Trump,9810
Uintah,President,,Libertarian,Gary Johnson,275
Uintah,State Auditor,,Republican,John Dougall,10130
Uintah,State Auditor,,Democratic,Mike Mitchell,1549
Uintah,State Auditor,,Independent American,Jared Green,664
Uintah,State House,55,Republican,Scott Chew,11133
Uintah,State House,55,Democratic,Wayne Stevens,1365
Uintah,State Treasurer,,Republican,David Damschen,9790
Uintah,State Treasurer,,Democratic,Neil Hansen,1572
Uintah,State Treasurer,,Constitution,Richard Proctor,926
Uintah,U.S. House,1,Republican,Rob Bishop,10362
Uintah,U.S. House,1,Democratic,Peter Clemens,1397
Uintah,U.S. House,1,Constitution,Chadwick Fairbanks,273
Uintah,U.S. House,1,Democratic,Craig Bowden,580
Uintah,U.S. Senate,,Independent,Bill Barron,247
Uintah,U.S. Senate,,Independent American,Stoney Fonua,234
Uintah,U.S. Senate,,Republican,Mike Lee,10989
Uintah,U.S. Senate,,Democratic,Misty Snow,1232
Utah,Attorney General,,Libertarian,W. Andrew McCullough,12804
Utah,Attorney General,,Democratic,Jon Harper,24917
Utah,Attorney General,,Republican,Sean Reyes,153273
Utah,Attorney General,,Independent American,Michael Isbell,4764
Utah,Governor,,Democratic,Mike Weinholtz,28469
Utah,Governor,,,Write-In,521
Utah,Governor,,Republican,Gary Herbert,162478
Utah,Governor,,Independent American,Dell Schanze,2720
Utah,Governor,,Libertarian,Brian Kamerath,6368
Utah,President,,Workers World,Monica Moorehead,84
Utah,President,,Independent American,Rocky Giordani,537
Utah,President,,Democratic,Hillary Clinton,28522
Utah,President,,,Rocky De La Fuente,165
Utah,President,,Socialist Workers,Alyson Kennedy,61
Utah,President,,Constitution,Darrell Castle,1994
Utah,President,,Independent,Evan McMullin,60532
Utah,President,,Green,Jill Stein,1030
Utah,President,,,Write-In,2100
Utah,President,,Republican,Donald Trump,102182
Utah,President,,Libertarian,Gary Johnson,6437
Utah,State Auditor,,Republican,John Dougall,149332
Utah,State Auditor,,Democratic,Mike Mitchell,32573
Utah,State Auditor,,Independent American,Jared Green,10673
Utah,State House,2,Republican,Jefferson Moss,14729
Utah,State House,6,Republican,Cory Maloy,12776
Utah,State House,6,Libertarian,Aaron Davis,888
Utah,State House,6,Democratic,Donna Gibbons,2673
Utah,State House,27,Republican,Mike Kennedy,16583
Utah,State House,48,Republican,Keven Stratton,12809
Utah,State House,56,Republican,Kay Christofferson,13894
Utah,State House,57,Republican,Brian Greene,12865
Utah,State House,59,Democratic,Rachel Nelson,2861
Utah,State House,59,Republican,Val Peterson,11165
Utah,State House,60,Democratic,B. Swallow-Fenton,2738
Utah,State House,60,Independent American,Tommy Williams,541
Utah,State House,60,Republican,Bradley Daw,10283
Utah,State House,61,Republican,Keith Grover,10587
Utah,State House,63,Democratic,Nathan Smith Jones,1428
Utah,State House,63,Republican,Dean Sanpei,5437
Utah,State House,64,Republican,Norm Thuston,9086
Utah,State House,65,Republican,Francis Gibson,13784
Utah,State House,66,Republican,Mike McKell,12968
Utah,State House,67,Republican,Marc Roberts,12095
Utah,State House,68,Republican,Merrill Nelson,153
Utah,State House,68,Constitution,Kirk Pearson,37
Utah,State House,68,Democratic,Cindee Beard,28
Utah,State Senate,7,Republican,Deidre Henderson,28292
Utah,State Senate,7,Democratic,Andrew Apsley,5589
Utah,State Senate,13,,Write-In,472
Utah,State Senate,13,Republican,Jake Anderegg,34985
Utah,State Senate,14,Republican,Dan Hemmert,34681
Utah,State Senate,14,Independent American,Curt Crosby,1732
Utah,State Senate,14,Libertarian,Joe Buchman,3776
Utah,State Senate,16,Republican,Curt Bramble,21192
Utah,State Senate,16,Independent American,Jason Christensen,4994
Utah,State Senate,24,Republican,Ralph Okerlund,2129
Utah,State Senate,27,Republican,David Hinkins,11189
Utah,State Senate,27,Democratic,Heidi Redd,3216
Utah,State Treasurer,,Republican,David Damschen,142746
Utah,State Treasurer,,Democratic,Neil Hansen,33812
Utah,State Treasurer,,Constitution,Richard Proctor,14510
Utah,U.S. House,3,Democratic,Stephen Tryon,28777
Utah,U.S. House,3,Republican,Jason Chaffetz,134808
Utah,U.S. House,4,Republican,Mia Love,25964
Utah,U.S. House,4,Constitution,Collin Simonsen,2087
Utah,U.S. House,4,Democratic,Doug Owens,7291
Utah,U.S. Senate,,Independent,Bill Barron,5995
Utah,U.S. Senate,,Independent American,Stoney Fonua,5014
Utah,U.S. Senate,,Republican,Mike Lee,163557
Utah,U.S. Senate,,Democratic,Misty Snow,26246
Wasatch,Attorney General,,Libertarian,W. Andrew McCullough,704
Wasatch,Attorney General,,Democratic,Jon Harper,2720
Wasatch,Attorney General,,Republican,Sean Reyes,8149
Wasatch,Attorney General,,Independent American,Michael Isbell,247
Wasatch,Governor,,,Write-In,23
Wasatch,Governor,,Republican,Gary Herbert,8552
Wasatch,Governor,,Independent American,Dell Schanze,140
Wasatch,Governor,,Libertarian,Brian Kamerath,291
Wasatch,Governor,,Democratic,Mike Weinholtz,3125
Wasatch,President,,Workers World,Monica Moorehead,3
Wasatch,President,,Independent American,Rocky Giordani,25
Wasatch,President,,Democratic,Hillary Clinton,3063
Wasatch,President,,,Rocky De La Fuente,6
Wasatch,President,,Socialist Workers,Alyson Kennedy,11
Wasatch,President,,Constitution,Darrell Castle,103
Wasatch,President,,Independent,Evan McMullin,2315
Wasatch,President,,Green,Jill Stein,70
Wasatch,President,,,Write-In,146
Wasatch,President,,Republican,Donald Trump,6115
Wasatch,President,,Libertarian,Gary Johnson,409
Wasatch,State Auditor,,Republican,John Dougall,7602
Wasatch,State Auditor,,Democratic,Mike Mitchell,3214
Wasatch,State Auditor,,Independent American,Jared Green,620
Wasatch,State House,54,Democratic,Rudi Kohler,4135
Wasatch,State House,54,Republican,Tim Quinn,7390
Wasatch,State Senate,16,Republican,Curt Bramble,297
Wasatch,State Senate,16,Independent American,Jason Christensen,98
Wasatch,State Senate,27,Republican,David Hinkins,1141
Wasatch,State Senate,27,Democratic,Heidi Redd,695
Wasatch,State Treasurer,,Republican,David Damschen,7379
Wasatch,State Treasurer,,Democratic,Neil Hansen,3322
Wasatch,State Treasurer,,Constitution,Richard Proctor,701
Wasatch,U.S. House,3,Democratic,Stephen Tryon,3453
Wasatch,U.S. House,3,Republican,Jason Chaffetz,8491
Wasatch,U.S. Senate,,Independent,Bill Barron,277
Wasatch,U.S. Senate,,Independent American,Stoney Fonua,241
Wasatch,U.S. Senate,,Republican,Mike Lee,8464
Wasatch,U.S. Senate,,Democratic,Misty Snow,2898
Washington,Attorney General,,Libertarian,W. Andrew McCullough,3381
Washington,Attorney General,,Democratic,Jon Harper,9962
Washington,Attorney General,,Republican,Sean Reyes,45223
Washington,Attorney General,,Independent American,Michael Isbell,1707
Washington,Governor,,Libertarian,Brian Kamerath,2256
Washington,Governor,,Republican,Gary Herbert,47302
Washington,Governor,,,Write-In,154
Washington,Governor,,Independent American,Dell Schanze,1125
Washington,Governor,,Democratic,Mike Weinholtz,10545
Washington,President,,Independent American,Rocky Giordani,147
Washington,President,,Workers World,Monica Moorehead,20
Washington,President,,Socialist Workers,Alyson Kennedy,25
Washington,President,,Democratic,Hillary Clinton,10288
Washington,President,,Constitution,Darrell Castle,459
Washington,President,,Independent,Evan McMullin,6565
Washington,President,,Green,Jill Stein,290
Washington,President,,,Write-In,479
Washington,President,,,Rocky De La Fuente,45
Washington,President,,Republican,Donald Trump,42650
Washington,President,,Libertarian,Gary Johnson,1473
Washington,State Auditor,,Republican,John Dougall,44503
Washington,State Auditor,,Democratic,Mike Mitchell,11469
Washington,State Auditor,,Independent American,Jared Green,3403
Washington,State House,62,Republican,Jon Stanard,14115
Washington,State House,71,Democratic,Chuck Goode,2350
Washington,State House,71,Republican,Brad Last,9427
Washington,State House,74,Republican,V Lowry Snow,15363
Washington,State House,75,Republican,Walt Brooks,11861
Washington,State Senate,29,Republican,Don Ipson,32177
Washington,State Senate,29,Democratic,Dorothy Engelman,9114
Washington,State Treasurer,,Republican,David Damschen,42971
Washington,State Treasurer,,Democratic,Neil Hansen,11909
Washington,State Treasurer,,Constitution,Richard Proctor,4154
Washington,U.S. House,2,Republican,Chris Stewart,46382
Washington,U.S. House,2,Constitution,Paul McCollaum,2992
Washington,U.S. House,2,Democratic,Charlene Albarran,10875
Washington,U.S. Senate,,Independent,Bill Barron,1213
Washington,U.S. Senate,,Independent American,Stoney Fonua,1179
Washington,U.S. Senate,,Republican,Mike Lee,48544
Washington,U.S. Senate,,Democratic,Misty Snow,10220
Wayne,Attorney General,,Independent American,Michael Isbell,48
Wayne,Attorney General,,Libertarian,W. Andrew McCullough,108
Wayne,Attorney General,,Democratic,Jon Harper,502
Wayne,Attorney General,,Republican,Sean Reyes,2112
Wayne,Governor,,Libertarian,Brian Kamerath,38
Wayne,Governor,,Republican,Gary Herbert,2216
Wayne,Governor,,Independent American,Dell Schanze,28
Wayne,Governor,,Democratic,Mike Weinholtz,550
Wayne,President,,,Jill Stein,24
Wayne,President,,Independent American,Giordani/Anderson,6
Wayne,President,,Republican,Donald Trump,1932
Wayne,President,,,Monica Moorehead,0
Wayne,President,,Constitution,Darrell Castle,28
Wayne,President,,,Alyson Kennedy,2
Wayne,President,,Democratic,Hillary Clinton,542
Wayne,President,,,Evan McMullin,270
Wayne,President,,Libertarian,Gary Johnson,36
Wayne,President,,,Rocky De La Fuente,2
Wayne,State Auditor,,Republican,John Dougall,1982
Wayne,State Auditor,,Democratic,Mike Mitchell,610
Wayne,State Auditor,,Independent American,Jared Green,104
Wayne,State House,73,Republican,Mike Noel,1942
Wayne,State House,73,Democratic,Ty Markham,852
Wayne,State Senate,24,Republican,Ralph Okerlund,2336
Wayne,State Treasurer,,Republican,David Damschen,1966
Wayne,State Treasurer,,Democratic,Neil Hansen,618
Wayne,State Treasurer,,Constitution,Richard Proctor,120
Wayne,U.S. House,2,Republican,Chris Stewart,2092
Wayne,U.S. House,2,Constitution,Paul McCollaum,104
Wayne,U.S. House,2,Democratic,Charlene Albarran,588
Wayne,U.S. Senate,,Independent American,Stoney Fonua,46
Wayne,U.S. Senate,,,Bill Barron,102
Wayne,U.S. Senate,,Republican,Mike Lee,2158
Wayne,U.S. Senate,,Democratic,Misty Snow,520
Weber,Attorney General,,Libertarian,W. Andrew McCullough,5910
Weber,Attorney General,,Democratic,Jon Harper,21663
Weber,Attorney General,,Republican,Sean Reyes,52656
Weber,Attorney General,,Independent American,Michael Isbell,2641
Weber,Governor,,,Write-In,183
Weber,Governor,,Republican,Gary Herbert,55052
Weber,Governor,,Libertarian,Brian Kamerath,3082
Weber,Governor,,Democratic,Mike Weinholtz,25002
Weber,Governor,,Independent American,Dell Schanze,1300
Weber,President,,Independent,Evan McMullin,16451
Weber,President,,Workers World,Monica Moorehead,54
Weber,President,,Constitution,Darrell Castle,465
Weber,President,,Republican,Donald Trump,40235
Weber,President,,Green,Jill Stein,937
Weber,President,,,Rocky De La Fuente,88
Weber,President,,Independent American,"Giordani,Rocky",256
Weber,President,,,Write-In,968
Weber,President,,Socialist Workers,Alyson Kennedy,50
Weber,President,,Libertarian,Gary Johnson,3371
Weber,President,,Democratic,Hillary Clinton,23131
Weber,State Auditor,,Democratic,Mike Mitchell,26471
Weber,State Auditor,,Republican,John Dougall,48374
Weber,State Auditor,,Independent American,Jared Green,5977
Weber,State House,7,Democratic,Floyd Handley,4363
Weber,State House,7,Republican,Justin Fawson,10182
Weber,State House,8,Republican,Gage Froerer,8923
Weber,State House,8,Democratic,Matthew Frandsen,4563
Weber,State House,9,Republican,Jeremy Peterson,5561
Weber,State House,9,Democratic,Kathie Darby,4426
Weber,State House,10,Democratic,Jesus Garcia,4252
Weber,State House,10,Republican,Dixon Pitcher,6128
Weber,State House,10,Libertarian,Derryck Gordon,788
Weber,State House,11,Democratic,Amy Morgan,4096
Weber,State House,11,Republican,Kelly Miles,6626
Weber,State House,12,Republican,Mike Schultz,10707
Weber,State House,29,Republican,Lee Perry,7877
Weber,State House,29,Democratic,Angela Urrea,1784
Weber,State Senate,19,Democratic,Deana Froerer,12534
Weber,State Senate,19,Republican,Allen Christensen,17362
Weber,State Senate,19,,Write-In,68
Weber,State Senate,20,Democratic,Alan Yorgason,8581
Weber,State Senate,20,Republican,Gregg Buxton,19426
Weber,State Treasurer,,Democratic,Neil Hansen,29227
Weber,State Treasurer,,Republican,David Damschen,45976
Weber,State Treasurer,,Constitution,Richard Proctor,5822
Weber,U.S. House,1,Libertarian,Craig Bowden,5441
Weber,U.S. House,1,Democratic,Peter Clemens,27861
Weber,U.S. House,1,,Chadwick Fairbanks,1628
Weber,U.S. House,1,Republican,Rob Bishop,49030
Weber,U.S. Senate,,Democratic,Misty Snow,24214
Weber,U.S. Senate,,Republican,Mike Lee,55278
Weber,U.S. Senate,,Independent American,Stoney Fonua,2216
Weber,U.S. Senate,,Independent,Bill Barron,1956
